{"init_keypoint_positions": [[-0.09684926870177994, 0.04794699608796452, 0.816], [-0.009454740619312741, 0.04531337476845233, 0.817], [0.0825302856053128, 0.03668076829122222, 0.835], [0.08032761580908497, 0.09139129838364418, 0.774], [0.21402947723145682, 0.028902272629217903, 0.849], [0.21275407269752256, 0.07091090980092658, 0.802]], "num_keypoints": 6, "num_stages": 3, "grasp_keypoints_robot1": [1, -1, -1], "grasp_keypoints_robot2": [3, -1, -1], "release_keypoints_robot1": [-1, -1, 1], "release_keypoints_robot2": [-1, -1, 3]}