{"init_keypoint_positions": [[-0.11676771960119017, 0.10995019619513091, 0.77], [-0.12254874272066231, 0.06550622396707288, 0.817], [-0.008148081779231157, 0.05635747399510651, 0.821], [-0.006381300201505062, 0.1012002259384274, 0.771], [0.08139414064236604, 0.06094100347999084, 0.81], [0.0956474946847684, 0.10642313341580666, 0.754], [0.16543139524100442, 0.04835830610342501, 0.823], [0.19172669661448566, 0.07178205731490493, 0.797], [0.19323969728174362, 0.116512764072954, 0.747]], "num_keypoints": 9, "num_stages": 3, "grasp_keypoints_robot1": [2, -1, -1], "grasp_keypoints_robot2": [4, -1, -1], "release_keypoints_robot1": [-1, -1, 2], "release_keypoints_robot2": [-1, -1, 4]}