{"init_keypoint_positions": [[-0.11027291996867489, 0.0579839302726618, 0.806], [-0.02620663190434454, 0.03396970397600744, 0.836], [0.08929952962035899, 0.02883418718132811, 0.847], [0.09678886184139457, 0.05332516498101206, 0.816], [0.09666232221458027, 0.10127446550818497, 0.762], [0.20152809111722159, 0.05827169171322092, 0.81], [0.19690526365339117, 0.08651291844644553, 0.776]], "num_keypoints": 7, "num_stages": 3, "grasp_keypoints_robot1": [3, -1, -1], "grasp_keypoints_robot2": [4, -1, -1], "release_keypoints_robot1": [-1, -1, 3], "release_keypoints_robot2": [-1, -1, 4]}