{"init_keypoint_positions": [[-0.10628823008872701, 0.0579839302726618, 0.806], [0.00691481366967533, 0.02869801628554852, 0.843], [0.0064800744947135355, 0.07505670435022489, 0.79], [0.09275473412174509, 0.050636080534488294, 0.816], [0.18755595823934826, 0.03676862641886587, 0.837], [0.2214504300967333, 0.03551632602756175, 0.84]], "num_keypoints": 6, "num_stages": 3, "grasp_keypoints_robot1": [3, -1, -1], "grasp_keypoints_robot2": [2, -1, -1], "release_keypoints_robot1": [-1, -1, 3], "release_keypoints_robot2": [-1, -1, 2]}