{"init_keypoint_positions": [[-0.1258984991423412, 0.0763868231614947, 0.804], [-0.026066503308831004, 0.08026351001873903, 0.79], [0.05920947494222093, 0.058775274234199364, 0.817], [0.21248696030710365, 0.06462425522333018, 0.806]], "num_keypoints": 4, "num_stages": 3, "grasp_keypoints_robot1": [0, -1, -1], "grasp_keypoints_robot2": [1, -1, -1], "release_keypoints_robot1": [-1, -1, 0], "release_keypoints_robot2": [-1, -1, 1]}