{"init_keypoint_positions": [[-0.11205353352010654, 0.03914911916094839, 0.829], [-0.024116170876775343, 0.05841557243350048, 0.812], [0.09873487972760908, 0.04959356979597657, 0.821], [0.20722897730095868, 0.07254501455586143, 0.791]], "num_keypoints": 4, "num_stages": 3, "grasp_keypoints_robot1": [1, -1, -1], "grasp_keypoints_robot2": [2, -1, -1], "release_keypoints_robot1": [-1, -1, 1], "release_keypoints_robot2": [-1, -1, 2]}