{"init_keypoint_positions": [[-0.10556040112723745, 0.04553522727649861, 0.821], [-3.090669633688058e-05, 0.03530491932501674, 0.835], [-2.9537178056084673e-05, 0.06924235622422352, 0.798], [0.09202372034629823, 0.0652977066133302, 0.798], [0.1965043182673582, 0.040759442956078376, 0.834]], "num_keypoints": 5, "num_stages": 3, "grasp_keypoints_robot1": [3, -1, -1], "grasp_keypoints_robot2": [2, -1, -1], "release_keypoints_robot1": [-1, -1, 3], "release_keypoints_robot2": [-1, -1, 2]}