{"init_keypoint_positions": [[-0.1076069426208452, 0.04929153831122641, 0.816], [-0.03593657327938676, 0.05273701977901561, 0.807], [0.06942896197233163, 0.030087047038256567, 0.843], [0.10141480009116711, 0.02347131524303969, 0.855], [0.20264460900031803, 0.043351342400705914, 0.831]], "num_keypoints": 5, "num_stages": 3, "grasp_keypoints_robot1": [1, -1, -1], "grasp_keypoints_robot2": [3, -1, -1], "release_keypoints_robot1": [-1, -1, 1], "release_keypoints_robot2": [-1, -1, 3]}