{"init_keypoint_positions": [[-0.1193115281937104, 0.12133173395021048, 0.754], [-0.12777758121909255, 0.065426044990369, 0.816], [-0.019507675880405327, 0.08006031125919792, 0.788], [0.05727769618379547, 0.04728778406859533, 0.828], [0.06662874286549975, 0.06619780031351395, 0.809], [0.06831444284564495, 0.1020719022444699, 0.768], [0.18407697787065255, 0.06924235622422352, 0.798]], "num_keypoints": 7, "num_stages": 3, "grasp_keypoints_robot1": [3, -1, -1], "grasp_keypoints_robot2": [2, -1, -1], "release_keypoints_robot1": [-1, -1, 3], "release_keypoints_robot2": [-1, -1, 2]}