{"init_keypoint_positions": [[-0.1382704022115065, 0.08482117404912215, 0.784], [-0.05276330688776368, 0.07732496786567435, 0.8], [0.062474390430591595, 0.06603414691348054, 0.807], [0.17293239331164928, 0.03933801720273825, 0.833], [0.2226488808995852, 0.0418810444136055, 0.829]], "num_keypoints": 5, "num_stages": 3, "grasp_keypoints_robot1": [1, -1, -1], "grasp_keypoints_robot2": [2, -1, -1], "release_keypoints_robot1": [-1, -1, 1], "release_keypoints_robot2": [-1, -1, 2]}