{"init_keypoint_positions": [[-0.10125429126121409, 0.048123271808876156, 0.819], [-0.011983902929960445, 0.05532780029239446, 0.806], [0.0786839106345066, 0.0340509712103998, 0.838], [0.08128682094131852, 0.09611864724168764, 0.771], [0.20814433692724596, 0.05728849901397075, 0.815]], "num_keypoints": 5, "num_stages": 3, "grasp_keypoints_robot1": [1, -1, -1], "grasp_keypoints_robot2": [3, -1, -1], "release_keypoints_robot1": [-1, -1, 1], "release_keypoints_robot2": [-1, -1, 3]}