{"init_keypoint_positions": [[-0.08979365535654044, 0.03267017907425586, 0.838], [0.017985667934865807, 0.03001566614374113, 0.841], [0.12349555298826757, 0.06462425522333018, 0.806], [0.2132846314823044, 0.06446389726992241, 0.804]], "num_keypoints": 4, "num_stages": 3, "grasp_keypoints_robot1": [2, -1, -1], "grasp_keypoints_robot2": [1, -1, -1], "release_keypoints_robot1": [-1, -1, 2], "release_keypoints_robot2": [-1, -1, 1]}