{"init_keypoint_positions": [[-0.09392906627539105, 0.053194466047235066, 0.814], [0.023249520075170622, 0.04061282625479752, 0.831], [0.12721035281792267, 0.07169199199832413, 0.796], [0.21140643774173515, 0.0700267338682467, 0.792], [0.21519217089367304, 0.1669842001999916, 0.691]], "num_keypoints": 5, "num_stages": 4, "grasp_keypoints_robot1": [2, -1, -1, -1], "grasp_keypoints_robot2": [1, -1, -1, -1], "release_keypoints_robot1": [-1, -1, 2, -1], "release_keypoints_robot2": [-1, -1, -1, 1]}