{"init_keypoint_positions": [[-0.10185226703755776, 0.054468715633669985, 0.813], [-0.009258007950367434, 0.06546136001336361, 0.8], [0.00413150030848359, 0.03143873962039407, 0.842], [0.0813654403027424, 0.07319483835385764, 0.784], [0.18056522562149838, 0.03425413929638071, 0.843], [0.2116826974199426, 0.06611597361349725, 0.808]], "num_keypoints": 6, "num_stages": 3, "grasp_keypoints_robot1": [3, -1, -1], "grasp_keypoints_robot2": [1, -1, -1], "release_keypoints_robot1": [-1, -1, 3], "release_keypoints_robot2": [-1, -1, 1]}