{"init_keypoint_positions": [[-0.10826885446273263, 0.06422336033981076, 0.801], [-0.029273759019901268, 0.025981449334770933, 0.845], [-0.01825532463598031, 0.07505670435022489, 0.79], [0.09595856523246105, 0.05553373503293687, 0.809], [0.08943167606467071, 0.1506194183548774, 0.705], [0.20696680869450992, 0.07684168681651388, 0.795]], "num_keypoints": 6, "num_stages": 3, "grasp_keypoints_robot1": [3, -1, -1], "grasp_keypoints_robot2": [2, -1, -1], "release_keypoints_robot1": [-1, -1, 3], "release_keypoints_robot2": [-1, -1, 2]}