{"init_keypoint_positions": [[-0.11068760559804679, 0.08026351001873903, 0.79], [-0.02059693697017415, 0.04751622746989289, 0.832], [-0.019482919946546946, 0.08773926136256782, 0.787], [0.06930603362521426, 0.05119456671685397, 0.825], [0.1633115306076674, 0.03136406327925299, 0.84], [0.200925449966617, 0.03278713675590594, 0.841]], "num_keypoints": 6, "num_stages": 3, "grasp_keypoints_robot1": [3, -1, -1], "grasp_keypoints_robot2": [1, -1, -1], "release_keypoints_robot1": [-1, -1, 3], "release_keypoints_robot2": [-1, -1, 1]}