{"init_keypoint_positions": [[-0.08968650302317942, 0.031252048767541375, 0.837], [0.005315860039576826, 0.0583436320733607, 0.811], [0.10414667524694278, 0.04959356979597657, 0.821], [0.2088008785194236, 0.06784235087395007, 0.797]], "num_keypoints": 4, "num_stages": 3, "grasp_keypoints_robot1": [0, -1, -1], "grasp_keypoints_robot2": [2, -1, -1], "release_keypoints_robot1": [-1, -1, 0], "release_keypoints_robot2": [-1, -1, 2]}