{"init_keypoint_positions": [[-0.12387269514881138, 0.049063408987071545, 0.835], [-0.01825532463598031, 0.08416861427012465, 0.79], [0.06058643947576095, 0.03947969073408065, 0.836], [0.09392359624879126, 0.06835308375380415, 0.803], [0.183665477055238, 0.07328819911706409, 0.785]], "num_keypoints": 5, "num_stages": 3, "grasp_keypoints_robot1": [1, -1, -1], "grasp_keypoints_robot2": [4, -1, -1], "release_keypoints_robot1": [-1, -1, 1], "release_keypoints_robot2": [-1, -1, 4]}