{"init_keypoint_positions": [[-0.1024786647438158, 0.04806451323523895, 0.818], [-0.006414406817336476, 0.08767841829423427, 0.775], [0.008304016965289913, 0.030087047038256567, 0.843], [0.08705466224617493, 0.054468715633669985, 0.813], [0.19980295190733782, 0.028868229905273008, 0.848], [0.21063476327429934, 0.06711343635693846, 0.804]], "num_keypoints": 6, "num_stages": 3, "grasp_keypoints_robot1": [3, -1, -1], "grasp_keypoints_robot2": [1, -1, -1], "release_keypoints_robot1": [-1, -1, 3], "release_keypoints_robot2": [-1, -1, 1]}