{"init_keypoint_positions": [[-0.10113065964795252, 0.049412350905126474, 0.818], [0.0025810028422332243, 0.06611174327698416, 0.792], [0.0950281344678663, 0.03672469735504404, 0.836], [0.09212048461796414, 0.09801962182617907, 0.766], [0.2114207138835318, 0.06470443420003406, 0.807], [0.2303030252312822, 0.035600888708579755, 0.842]], "num_keypoints": 6, "num_stages": 3, "grasp_keypoints_robot1": [1, -1, -1], "grasp_keypoints_robot2": [3, -1, -1], "release_keypoints_robot1": [-1, -1, 1], "release_keypoints_robot2": [-1, -1, 3]}