{"init_keypoint_positions": [[-0.07582415208251067, 0.0714217960485817, 0.793], [-0.07883991502066649, 0.03132672510868245, 0.839], [0.005283086549813713, 0.06064006025292916, 0.806], [0.1145889656817789, 0.03681255548268769, 0.838], [0.1953262348245083, 0.04324700703993405, 0.829], [0.19587856750158064, 0.08406384213796927, 0.777]], "num_keypoints": 6, "num_stages": 3, "grasp_keypoints_robot1": [0, -1, -1], "grasp_keypoints_robot2": [3, -1, -1], "release_keypoints_robot1": [-1, -1, 0], "release_keypoints_robot2": [-1, -1, 3]}