{"init_keypoint_positions": [[-0.11142243342558002, 0.06561089673700701, 0.786], [0.0027015799952163416, 0.03778315653461984, 0.829], [0.005093000309187661, 0.08534412315203113, 0.777], [0.10110219265750718, 0.07178205731490493, 0.797], [0.23109136404865654, 0.05119456671685397, 0.825]], "num_keypoints": 5, "num_stages": 3, "grasp_keypoints_robot1": [3, -1, -1], "grasp_keypoints_robot2": [2, -1, -1], "release_keypoints_robot1": [-1, -1, 3], "release_keypoints_robot2": [-1, -1, 2]}