{"init_keypoint_positions": [[-0.10478894874384717, 0.049231132014276376, 0.815], [0.00401864459934449, 0.04677378641567582, 0.819], [0.086305114108754, 0.0579839302726618, 0.806], [0.2108611779587217, 0.043351342400705914, 0.831]], "num_keypoints": 4, "num_stages": 3, "grasp_keypoints_robot1": [2, -1, -1], "grasp_keypoints_robot2": [1, -1, -1], "release_keypoints_robot1": [-1, -1, 2], "release_keypoints_robot2": [-1, -1, 1]}