{"init_keypoint_positions": [[-0.11027291996867489, 0.07392071015426588, 0.806], [-0.01911158093867121, 0.10387556913282427, 0.772], [-0.014985483065990946, 0.05527268191608578, 0.825], [0.06670180690717592, 0.07020356905478269, 0.794], [0.17137561955715555, 0.0521717279884772, 0.819], [0.19179198449595872, 0.05587695960050755, 0.814], [0.1925916174135617, 0.10462761312333578, 0.759]], "num_keypoints": 7, "num_stages": 4, "grasp_keypoints_robot1": [0, -1, -1, -1], "grasp_keypoints_robot2": [3, -1, -1, -1], "release_keypoints_robot1": [-1, -1, 0, -1], "release_keypoints_robot2": [-1, -1, -1, 3]}