{"init_keypoint_positions": [[-0.11213122753134071, 0.06342157057277192, 0.791], [-0.006670983090029935, 0.05931199526279548, 0.806], [0.09439145974193593, 0.062045008773141064, 0.807], [0.25012493233376737, 0.049835194983776705, 0.825]], "num_keypoints": 4, "num_stages": 3, "grasp_keypoints_robot1": [1, -1, -1], "grasp_keypoints_robot2": [2, -1, -1], "release_keypoints_robot1": [-1, -1, 1], "release_keypoints_robot2": [-1, -1, 2]}