{"init_keypoint_positions": [[-0.10496000012874439, 0.05931199526279548, 0.806], [-0.02620663190434454, 0.03396970397600744, 0.836], [0.0953679407598855, 0.04586800603856803, 0.827], [0.19466200880249426, 0.039290792692290785, 0.832], [0.19154294298776667, 0.08895540386167049, 0.775]], "num_keypoints": 5, "num_stages": 3, "grasp_keypoints_robot1": [2, -1, -1], "grasp_keypoints_robot2": [1, -1, -1], "release_keypoints_robot1": [-1, -1, 2], "release_keypoints_robot2": [-1, -1, 1]}