{"init_keypoint_positions": [[-0.12401941706558983, 0.07785671505077178, 0.792], [-0.04168467646237013, 0.10559255817190409, 0.766], [-0.035893189643883, 0.043664348483021476, 0.837], [0.07361306884142736, 0.07450188903874795, 0.798], [0.188459763058049, 0.052044324501325845, 0.817]], "num_keypoints": 5, "num_stages": 4, "grasp_keypoints_robot1": [3, -1, -1, -1], "grasp_keypoints_robot2": [1, -1, -1, -1], "release_keypoints_robot1": [-1, -1, 3, -1], "release_keypoints_robot2": [-1, -1, -1, 1]}