{"init_keypoint_positions": [[-0.08497372508368886, 0.024589123135437246, 0.845], [-0.07547745796647054, 0.08779155173719458, 0.776], [0.012101768404561494, 0.049412350905126474, 0.818], [0.10504742560536509, 0.035474044687052744, 0.839], [0.11076916033120296, 0.07775841111762688, 0.791], [0.20862321772021475, 0.03796546368315842, 0.833], [0.19894876838907194, 0.09266663622776758, 0.774]], "num_keypoints": 7, "num_stages": 3, "grasp_keypoints_robot1": [0, -1, -1], "grasp_keypoints_robot2": [4, -1, -1], "release_keypoints_robot1": [-1, -1, 0], "release_keypoints_robot2": [-1, -1, 4]}